provider,service,unit,rate_2026_01,rate_2026_10,source
"Екатеринбургское муниципальное унитарное предприятие водопроводно-канализационного хозяйства (МУП ""Водоканал"")","Водоотведение",м3,34.65,36.83,"Постановление РЭК Свердловской области от 09.12.2021 № 208-ПК (в ред. Постановления РЭК Свердловской области от 15.12.2025 № 294-ПК)"
"Екатеринбургское муниципальное унитарное предприятие водопроводно-канализационного хозяйства (МУП ""Водоканал"")","Водоснабжение",м3,52.63,59.41,"Постановление РЭК Свердловской области от 09.12.2021 № 208-ПК (в ред. Постановления РЭК Свердловской области от 15.12.2025 № 294-ПК)"
"Публичное акционерное общество ""Т Плюс""","ГВС (компонент на тепловую энергию)",Гкал,2899.98,3274.08,"Постановление РЭК Свердловской области от 14.11.2025 №172-ПК / Приказ филиала «Свердловский» ПАО «Т Плюс» от 26.12.2025 № 453"
"Публичное акционерное общество ""Т Плюс""","ГВС (компонент на теплоноситель)",м3,49.26,54.62,"Постановление РЭК Свердловской области от 14.11.2025 №172-ПК / Приказ филиала «Свердловский» ПАО «Т Плюс» от 26.12.2025 № 453"
"Публичное акционерное общество ""Т Плюс""","Теплоснабжение",Гкал,2899.98,3274.08,"Постановление РЭК Свердловской области от 14.11.2025 №172-ПК / Приказ филиала «Свердловский» ПАО «Т Плюс» от 26.12.2025 № 453"
"Акционерное общество ""ТЭЦ ВИЗа""","Теплоснабжение",Гкал,1333.81,1505.6,"Постановление РЭК Свердловской области от 09.12.2021 № 205-ПК (в ред. Постановления РЭК Свердловской области от 15.12.2025 № 203-ПК)"
"Акционерное общество ""ТЭЦ ВИЗа""","ГВС (компонент на тепловую энергию)",Гкал,1333.81,1505.6,"Постановление РЭК Свердловской области от 13.12.2023 № 229-ПК (в ред. Постановления РЭК Свердловской области от 18.12.2025 № 306-ПК)"
"АО ""Екатеринбурггаз""","Природный газ",м3,7.55,,"Постановление РЭК Свердловской области от 19.06.2025 № 75-ПК (в ред. Постановления РЭК Свердловской области от 29.12.2025 № 338-ПК)"
"АО ""Екатеринбурггаз""","Электроэнергия (одноставочный, газ.плиты)",кВтч,6.43,7.15,"Постановление РЭК Свердловской области от 29.12.2025 г. № 327-ПК"
"АО ""Екатеринбурггаз""","Электроэнергия (дневная зона)",кВтч,7.67,8.45,"Постановление РЭК Свердловской области от 29.12.2025 г. № 327-ПК"
"АО ""Екатеринбурггаз""","Электроэнергия (ночная зона)",кВтч,3.86,4.29,"Постановление РЭК Свердловской области от 29.12.2025 г. № 327-ПК"
"АО ""Екатеринбурггаз""","Электроэнергия (электроплиты, одноставочный)",кВтч,4.5,5.01,"Постановление РЭК Свердловской области от 29.12.2025 г. № 327-ПК"
"АО ""Екатеринбурггаз""","Электроэнергия (электроплиты, дневная зона)",кВтч,5.37,5.92,"Постановление РЭК Свердловской области от 29.12.2025 г. № 327-ПК"
"АО ""Екатеринбурггаз""","Электроэнергия (электроплиты, ночная зона)",кВтч,2.7,3.0,"Постановление РЭК Свердловской области от 29.12.2025 г. № 327-ПК"
"Екатеринбургское муниципальное унитарное предприятие ""Специализированная автобаза""","Обращение с твердыми коммунальными отходами",куб. м,789.8,865.63,"Постановление РЭК Свердловской области от 30.08.2023 № 89-ПК (в ред. Постановления РЭК Свердловской области от 18.12.2025 № 323-ПК)"
